-- SQL statements which are executed at application startup if hibernate.hbm2ddl.auto is 'create' or 'create-drop'
insert into grupadziekanska (id, flaga, nazwa) values (1, TRUE, 'GID101');
insert into grupadziekanska (id, flaga, nazwa) values (2, TRUE, 'GID201');
insert into grupadziekanska (id, flaga, nazwa) values (3, TRUE, 'GID301');
insert into osoba (id, flaga, haslo, imie, login, nazwisko, rola) values (1, TRUE, 'b4af804009cb036a4ccdc33431ef9ac9', 'Jaś', 's1234', 'Fasola', 'S');
insert into osoba (id, flaga, haslo, imie, login, nazwisko, rola) values (2, TRUE, 'b4af804009cb036a4ccdc33431ef9ac9', 'Bonawentura', 's1235', 'Nowak', 'S');
insert into osoba (id, flaga, haslo, imie, login, nazwisko, rola) values (3,TRUE, 'b4af804009cb036a4ccdc33431ef9ac9', 'Delfina','s5503', 'Muc','S');
insert into osoba (id, flaga, haslo, imie, login, nazwisko, rola) values (4,TRUE, 'b4af804009cb036a4ccdc33431ef9ac9', 'Emeryk','s1232', 'Robak','S');
insert into osoba (id, flaga, haslo, imie, login, nazwisko, rola) values (5,TRUE, 'b4af804009cb036a4ccdc33431ef9ac9', 'Filipina', 's1134', 'Gazda', 'S');
insert into osoba (id, flaga, haslo, imie, login, nazwisko, rola) values (6, TRUE, 'b4af804009cb036a4ccdc33431ef9ac9','Gracja', 's4234', 'Roztocka', 'S');
insert into osoba (id, flaga, haslo, imie, login, nazwisko, rola) values (7, TRUE, 'b4af804009cb036a4ccdc33431ef9ac9','Hildegarda', 's5234', 'von Stolzenberg', 'S');
insert into osoba (id, flaga, haslo, imie, login, nazwisko, rola) values (8, TRUE, 'b4af804009cb036a4ccdc33431ef9ac9','Idzi', 's6234', 'Brzęczyszczykiewicz', 'S');
insert into osoba (id, flaga, haslo, imie, login, nazwisko, rola) values (9, TRUE, 'b4af804009cb036a4ccdc33431ef9ac9','Wierzchosława', 's7234', 'Złotopolska-Aleksandrowicz', 'S');
insert into osoba (id, flaga, haslo, imie, login, nazwisko, rola) values (10, TRUE, 'b4af804009cb036a4ccdc33431ef9ac9','Kunegunda', 's8234', 'Sobieska', 'S');
insert into osoba (id, flaga, haslo, imie, login, nazwisko, rola) values (11, TRUE, 'b4af804009cb036a4ccdc33431ef9ac9','Leontyna', 's9234', 'Dzierżyńska', 'S');
insert into osoba (id, flaga, haslo, imie, login, nazwisko, rola) values (12, TRUE, 'b4af804009cb036a4ccdc33431ef9ac9','Leontyna', 's1874', 'Niesiołowska', 'S');
insert into osoba (id, flaga, haslo, imie, login, nazwisko, rola) values (13, TRUE, 'b4af804009cb036a4ccdc33431ef9ac9','Stanisław','szejko', 'Szejko', 'W');
insert into osoba (id, flaga, haslo, imie, login, nazwisko, rola) values (14, TRUE, 'b4af804009cb036a4ccdc33431ef9ac9','Jakub', 'kuba', 'Neumann', 'W');
insert into osoba (id, flaga, haslo, imie, login, nazwisko, rola) values (15, TRUE, 'b4af804009cb036a4ccdc33431ef9ac9','Adam', 'adam', 'Muc', 'W');
insert into osoba (id, flaga, haslo, imie, login, nazwisko, rola) values (18, TRUE, 'b4af804009cb036a4ccdc33431ef9ac9','Pan','wykladowca', 'Wykladowca', 'W');
insert into osoba (id, flaga, haslo, imie, login, nazwisko, rola) values (19, TRUE, 'b4af804009cb036a4ccdc33431ef9ac9','Marek','bednarczyk', 'Bednarczyk', 'W');
insert into osoba (id, flaga, haslo, imie, login, nazwisko, rola) values (16, TRUE, 'b4af804009cb036a4ccdc33431ef9ac9', 'Alina','alina', 'Swebocka', 'W');
insert into osoba (id, flaga, haslo, imie, login, nazwisko, rola) values (20, TRUE, 'b4af804009cb036a4ccdc33431ef9ac9', 'Szary', 's1112', 'Student', 'S');
insert into osoba (id, flaga, haslo, imie, login, nazwisko, rola) values (17, TRUE, 'b4af804009cb036a4ccdc33431ef9ac9', 'Ewa', 'ewa', 'Cytawa', 'D');
insert into osoba (id, flaga, haslo, imie, login, nazwisko, rola) values (21, TRUE, 'b4af804009cb036a4ccdc33431ef9ac9', 'Natalia', 'podruczna', 'Podruczna', 'D');
insert into osoba (id, flaga, haslo, imie, login, nazwisko, rola) values (22, TRUE, 'b4af804009cb036a4ccdc33431ef9ac9', 'Jan', 'Kowalski', 'Kowalski', 'D');
insert into osoba (id, flaga, haslo, imie, login, nazwisko, rola) values (23, TRUE, 'b4af804009cb036a4ccdc33431ef9ac9', 'Łukasz', 'czerepuk', 'Czerepuk', 'D');
insert into student (indeks, id, grupadziekanska_id) values ('s1234', 1, 1);
insert into student (indeks, id, grupadziekanska_id) values ('s1235', 2, 2);
insert into student (indeks, id, grupadziekanska_id) values ('s5503', 3, 3);
insert into student (indeks, id, grupadziekanska_id) values ('s1232', 4, 1);
insert into student (indeks, id, grupadziekanska_id) values ('s1134', 5, 2);
insert into student (indeks, id, grupadziekanska_id) values ('s4234', 6, 3);
insert into student (indeks, id, grupadziekanska_id) values ('s5234', 7, 1);
insert into student (indeks, id, grupadziekanska_id) values ('s6234', 8, 2);
insert into student (indeks, id, grupadziekanska_id) values ('s7234', 9, 3);
insert into student (indeks, id, grupadziekanska_id) values ('s8234', 10, 1);
insert into student (indeks, id, grupadziekanska_id) values ('s9234', 11, 2);
insert into student (indeks, id, grupadziekanska_id) values ('s1874', 12, 3);
insert into student (indeks, id, grupadziekanska_id) values ('s1874', 20, 3);
insert into wykladowca (id, tytul)values (13, 2);
insert into wykladowca (id, tytul)values (14, 2);
insert into wykladowca (id, tytul)values (15, 2);
insert into wykladowca (id, tytul)values (16, 1);
insert into wykladowca (id, tytul)values (18, 2);
insert into wykladowca (id, tytul)values (19, 4);
insert into dziekanat (id) values(17);
insert into dziekanat (id) values(21);
insert into dziekanat (id) values(22);
insert into dziekanat (id) values(23);
insert into grupa (id, dzien, flaga, godzinastart, godzinastop, numergrupy, open, przedmiot, wykladowca_id) values (1, 2, TRUE, '11:45', '14:30', 1, FALSE, 'Angielski', 16);
insert into grupa (id, dzien, flaga, godzinastart, godzinastop, numergrupy, open, przedmiot, wykladowca_id) values (2, 3, TRUE, '10:15', '11:45', 1, FALSE, 'BYT', 13);
insert into grupa (id, dzien, flaga, godzinastart, godzinastop, numergrupy, open, przedmiot, wykladowca_id) values (3, 4, TRUE, '15:30', '17:00', 1, FALSE, 'PRO', 13);
insert into grupa (id, dzien, flaga, godzinastart, godzinastop, numergrupy, open, przedmiot, wykladowca_id) values (4, 2, TRUE, '11:45', '14:30', 1, FALSE, 'GRK', 14);
insert into grupa (id, dzien, flaga, godzinastart, godzinastop, numergrupy, open, przedmiot, wykladowca_id) values (5, 5, TRUE, '07:45', '10:45', 1, FALSE, 'Elektronika', 16);
insert into grupa (id, dzien, flaga, godzinastart, godzinastop, numergrupy, open, przedmiot, wykladowca_id) values (6, 1, TRUE, '13:15', '14:45', 1, FALSE, 'Algebra Liniowa', 19);
insert into grupa (id, dzien, flaga, godzinastart, godzinastop, numergrupy, open, przedmiot, wykladowca_id) values (7, 2, TRUE, '11:45', '14:30', 1, FALSE, 'Java Zaawansowana', 14);
insert into grupa (id, dzien, flaga, godzinastart, godzinastop, numergrupy, open, przedmiot, wykladowca_id) values (8, 4, TRUE, '11:45', '14:30', 1, FALSE, 'Seminarium', 14);
insert into grupa (id, dzien, flaga, godzinastart, godzinastop, numergrupy, open, przedmiot, wykladowca_id) values (9, 4, TRUE, '11:45', '14:30', 2, FALSE, 'Seminarium', 13);
insert into grupa (id, dzien, flaga, godzinastart, godzinastop, numergrupy, open, przedmiot, wykladowca_id) values (10, 2, TRUE, '11:45', '14:30', 1, FALSE, 'Angielski', 16);
insert into grupa (id, dzien, flaga, godzinastart, godzinastop, numergrupy, open, przedmiot, wykladowca_id) values (11, 3, TRUE, '10:15', '11:45', 1, FALSE, 'BYT', 18);
insert into grupa (id, dzien, flaga, godzinastart, godzinastop, numergrupy, open, przedmiot, wykladowca_id) values (12, 4, TRUE, '15:30', '17:00', 1, FALSE, 'PRO', 18);
insert into grupa (id, dzien, flaga, godzinastart, godzinastop, numergrupy, open, przedmiot, wykladowca_id) values (13, 2, TRUE, '11:45', '14:30', 1, FALSE, 'GRK', 18);
insert into grupa (id, dzien, flaga, godzinastart, godzinastop, numergrupy, open, przedmiot, wykladowca_id) values (14, 5, TRUE, '07:45', '10:45', 1, FALSE, 'Elektronika', 18);
insert into grupa (id, dzien, flaga, godzinastart, godzinastop, numergrupy, open, przedmiot, wykladowca_id) values (15, 1, TRUE, '13:15', '14:45', 1, FALSE, 'Algebra Liniowa', 18);
insert into grupa (id, dzien, flaga, godzinastart, godzinastop, numergrupy, open, przedmiot, wykladowca_id) values (16, 2, TRUE, '9:45', '12:30', 1, FALSE, 'Java Zaawansowana', 18);
insert into grupa (id, dzien, flaga, godzinastart, godzinastop, numergrupy, open, przedmiot, wykladowca_id) values (17, 4, TRUE, '11:45', '14:30', 1, FALSE, 'Seminarium', 18);
insert into grupa (id, dzien, flaga, godzinastart, godzinastop, numergrupy, open, przedmiot, wykladowca_id) values (18, 4, TRUE, '14:45', '16:15', 2, FALSE, 'Seminarium', 18);
insert into grupa_student (studencigrupy_id, studenci_id) values (2, 2);
insert into grupa_student (studencigrupy_id, studenci_id) values (2, 3);
insert into grupa_student (studencigrupy_id, studenci_id) values (2, 4);
insert into grupa_student (studencigrupy_id, studenci_id) values (2, 5);
insert into grupa_student (studencigrupy_id, studenci_id) values (2, 6);
insert into grupa_student (studencigrupy_id, studenci_id) values (2, 1);
insert into grupa_student (studencigrupy_id, studenci_id) values (3, 1);
insert into grupa_student (studencigrupy_id, studenci_id) values (4, 1);
insert into grupa_student (studencigrupy_id, studenci_id) values (5, 1);
insert into grupa_student (studencigrupy_id, studenci_id) values (6, 1);
insert into grupa_student (studencigrupy_id, studenci_id) values (7, 1);
insert into grupa_student (studencigrupy_id, studenci_id) values (8, 1);
insert into grupa_student (studencigrupy_id, studenci_id) values (9, 1);
insert into grupa_student (studencigrupy_id, studenci_id) values (10, 20);
insert into grupa_student (studencigrupy_id, studenci_id) values (11, 20);
insert into grupa_student (studencigrupy_id, studenci_id) values (12, 20);
insert into grupa_student (studencigrupy_id, studenci_id) values (13, 20);
insert into grupa_student (studencigrupy_id, studenci_id) values (14, 20);
insert into grupa_student (studencigrupy_id, studenci_id) values (15, 20);
insert into grupa_student (studencigrupy_id, studenci_id) values (16, 20);
insert into grupa_student (studencigrupy_id, studenci_id) values (17, 20);
insert into grupa_student (studencigrupy_id, studenci_id) values (18, 20);
insert into listaobecnosci (id, closed, data, grupa_id) values(1,TRUE, '2010-12-04',2);
insert into listaobecnosci (id, closed, data, grupa_id) values(2,TRUE, '2010-12-11',2);
insert into listaobecnosci (id, closed, data, grupa_id) values(3,TRUE, '2010-12-18',2);
insert into listaobecnosci (id, closed, data, grupa_id) values(4,TRUE, '2011-01-02',2);
insert into listaobecnosci (id, closed, data, grupa_id) values(5,TRUE, '2011-01-09',2);
insert into obecnosc (id, obecnosc, listaobecnosci_id, student_id) values(1, 'Obecny', 1, 1);
insert into obecnosc (id, obecnosc, listaobecnosci_id, student_id) values(2, 'Obecny', 1, 2);
insert into obecnosc (id, obecnosc, listaobecnosci_id, student_id) values(3, 'Obecny', 1, 3);
insert into obecnosc (id, obecnosc, listaobecnosci_id, student_id) values(4, 'Obecny', 1, 4);
insert into obecnosc (id, obecnosc, listaobecnosci_id, student_id) values(5, 'Obecny', 1, 5);
insert into obecnosc (id, komentarz, obecnosc, listaobecnosci_id, student_id) values(6,0, 'nieobecny', 1, 6);
insert into obecnosc (id, obecnosc, listaobecnosci_id, student_id) values(7, 'Obecny', 2, 1);
insert into obecnosc (id, obecnosc, listaobecnosci_id, student_id) values(8, 'Obecny', 2, 2);
insert into obecnosc (id, obecnosc, listaobecnosci_id, student_id) values(9, 'Obecny', 2, 3);
insert into obecnosc (id, obecnosc, listaobecnosci_id, student_id) values(10, 'Obecny', 2, 4);
insert into obecnosc (id, obecnosc, listaobecnosci_id, student_id) values(11, 'Obecny', 2, 5);
insert into obecnosc (id, komentarz, obecnosc, listaobecnosci_id, student_id) values(12,0, 'nieobecny', 2, 6);
insert into obecnosc (id, obecnosc, listaobecnosci_id, student_id) values(13, 'Obecny', 3, 1);
insert into obecnosc (id, obecnosc, listaobecnosci_id, student_id) values(14, 'Obecny', 3, 2);
insert into obecnosc (id, obecnosc, listaobecnosci_id, student_id) values(15, 'Obecny', 3, 3);
insert into obecnosc (id, obecnosc, listaobecnosci_id, student_id) values(16, 'Obecny', 3, 4);
insert into obecnosc (id, obecnosc, listaobecnosci_id, student_id) values(17, 'Obecny', 3, 5);
insert into obecnosc (id, komentarz, obecnosc, listaobecnosci_id, student_id) values(18, 2, 'Obecny', 3, 6);
insert into obecnosc (id, obecnosc, listaobecnosci_id, student_id) values(19, 'Obecny', 4, 1);
insert into obecnosc (id, obecnosc, listaobecnosci_id, student_id) values(20, 'Obecny', 4, 2);
insert into obecnosc (id, obecnosc, listaobecnosci_id, student_id) values(21, 'Obecny', 4, 3);
insert into obecnosc (id, obecnosc, listaobecnosci_id, student_id) values(22, 'Obecny', 4, 4);
insert into obecnosc (id, obecnosc, listaobecnosci_id, student_id) values(23, 'Obecny', 4, 5);
insert into obecnosc (id, obecnosc, listaobecnosci_id, student_id) values(24,'Obecny', 4, 6);
insert into obecnosc (id, obecnosc, listaobecnosci_id, student_id) values(25, 'Obecny', 5, 1);
insert into obecnosc (id, obecnosc, listaobecnosci_id, student_id) values(27, 'Obecny', 5, 2);
insert into obecnosc (id, obecnosc, listaobecnosci_id, student_id) values(28, 'Obecny', 5, 3);
insert into obecnosc (id, obecnosc, listaobecnosci_id, student_id) values(29, 'Obecny', 5, 6);
insert into obecnosc (id, obecnosc, listaobecnosci_id, student_id) values(30, 'Obecny', 5, 5);
insert into obecnosc (id, obecnosc, listaobecnosci_id, student_id) values(31,'nieobecny', 5, 4);