-- SQL statements which are executed at application startup if hibernate.hbm2ddl.auto is 'create' or 'create-drop'
insert into grupadziekanska (id, flaga, nazwa) values (1, TRUE, 'GID101');
insert into grupadziekanska (id, flaga, nazwa) values (2, TRUE, 'GID201');
insert into grupadziekanska (id, flaga, nazwa) values (3, TRUE, 'GID301');
insert into osoba (id, flaga, haslo, imie, login, nazwisko, rola) values (1, TRUE, 'b4af804009cb036a4ccdc33431ef9ac9', 'Jaś', 'login', 'Fasola', 'S');
insert into osoba (id, flaga, haslo, imie, login, nazwisko, rola) values (2, TRUE, 'b4af804009cb036a4ccdc33431ef9ac9', 'Bonawentura', 'nowak', 'Nowak', 'S');
insert into osoba (id, flaga, haslo, imie, login, nazwisko, rola) values (3,TRUE, 'b4af804009cb036a4ccdc33431ef9ac9', 'Delfina','muc', 'Muc','S');
insert into osoba (id, flaga, haslo, imie, login, nazwisko, rola) values (4,TRUE, 'b4af804009cb036a4ccdc33431ef9ac9', 'Emeryk','robak', 'Robak','S');
insert into osoba (id, flaga, haslo, imie, login, nazwisko, rola) values (5,TRUE, 'b4af804009cb036a4ccdc33431ef9ac9', 'Filipina', 'gazda', 'Gazda', 'S');
insert into osoba (id, flaga, haslo, imie, login, nazwisko, rola) values (6, TRUE, 'b4af804009cb036a4ccdc33431ef9ac9','Gracja', 's4234', 'Roztocka', 'S');
insert into osoba (id, flaga, haslo, imie, login, nazwisko, rola) values (7, TRUE, 'b4af804009cb036a4ccdc33431ef9ac9','Hildegarda', 's5234', 'von Stolzenberg', 'S');
insert into osoba (id, flaga, haslo, imie, login, nazwisko, rola) values (8, TRUE, 'b4af804009cb036a4ccdc33431ef9ac9','Idzi', 's6234', 'Brzęczyszczykiewicz', 'S');
insert into osoba (id, flaga, haslo, imie, login, nazwisko, rola) values (9, TRUE, 'b4af804009cb036a4ccdc33431ef9ac9','Wierzchosława', 's7234', 'Złotopolska-Aleksandrowicz', 'S');
insert into osoba (id, flaga, haslo, imie, login, nazwisko, rola) values (10, TRUE, 'b4af804009cb036a4ccdc33431ef9ac9','Kunegunda', 's8234', 'Sobieska', 'S');
insert into osoba (id, flaga, haslo, imie, login, nazwisko, rola) values (11, TRUE, 'b4af804009cb036a4ccdc33431ef9ac9','Leontyna', 's9234', 'Dzierżyńska', 'S');
insert into osoba (id, flaga, haslo, imie, login, nazwisko, rola) values (12, TRUE, 'b4af804009cb036a4ccdc33431ef9ac9','Leontyna', 's1874', 'Niesiołowska', 'S');
insert into osoba (id, flaga, haslo, imie, login, nazwisko, rola) values (13, TRUE, 'b4af804009cb036a4ccdc33431ef9ac9','Stanisław','szejko', 'Szejko', 'W');
insert into osoba (id, flaga, haslo, imie, login, nazwisko, rola) values (14, TRUE, 'b4af804009cb036a4ccdc33431ef9ac9','Jakub', 'kuba', 'Neumann', 'W');
insert into osoba (id, flaga, haslo, imie, login, nazwisko, rola) values (15, TRUE, 'b4af804009cb036a4ccdc33431ef9ac9','Adam', 'adam', 'Muc', 'W');
insert into osoba (id, flaga, haslo, imie, login, nazwisko, rola) values (18, TRUE, 'b4af804009cb036a4ccdc33431ef9ac9','Pan','wykladowca', 'Wykladowca', 'W');
insert into osoba (id, flaga, haslo, imie, login, nazwisko, rola) values (16, TRUE, 'b4af804009cb036a4ccdc33431ef9ac9', 'Alina','alina', 'Swebocka', 'W');
insert into osoba (id, flaga, haslo, imie, login, nazwisko, rola) values (17, TRUE, 'b4af804009cb036a4ccdc33431ef9ac9', 'Ewa', 'ewa', 'Cytawa', 'D');
insert into student (indeks, id, grupadziekanska_id) values ('s1234', 1, 1);
insert into student (indeks, id, grupadziekanska_id) values ('s1235', 2, 2);
insert into student (indeks, id, grupadziekanska_id) values ('s5503', 3, 3);
insert into student (indeks, id, grupadziekanska_id) values ('s1232', 4, 1);
insert into student (indeks, id, grupadziekanska_id) values ('s1134', 5, 2);
insert into student (indeks, id, grupadziekanska_id) values ('s4234', 6, 3);
insert into student (indeks, id, grupadziekanska_id) values ('s5234', 7, 1);
insert into student (indeks, id, grupadziekanska_id) values ('s6234', 8, 2);
insert into student (indeks, id, grupadziekanska_id) values ('s7234', 9, 3);
insert into student (indeks, id, grupadziekanska_id) values ('s8234', 10, 1);
insert into student (indeks, id, grupadziekanska_id) values ('s9234', 11, 2);
insert into student (indeks, id, grupadziekanska_id) values ('s1874', 12, 3);
insert into wykladowca (id, tytul)values (13, 2);
insert into wykladowca (id, tytul)values (14, 2);
insert into wykladowca (id, tytul)values (15, 2);
insert into wykladowca (id, tytul)values (16, 1);
insert into wykladowca (id, tytul)values (18, 2);
insert into dziekanat (id) values(17);
insert into grupa (id, dzien, flaga, godzinastart, godzinastop, numergrupy, open, przedmiot, wykladowca_id) values (1, 2, TRUE, '11:45', '14:30', 1, FALSE, 'Angielski', 16);
insert into grupa (id, dzien, flaga, godzinastart, godzinastop, numergrupy, open, przedmiot, wykladowca_id) values (2, 3, TRUE, '10:15', '11:45', 1, FALSE, 'BYT', 13);
insert into grupa (id, dzien, flaga, godzinastart, godzinastop, numergrupy, open, przedmiot, wykladowca_id) values (3, 4, TRUE, '15:30', '17:00', 1, FALSE, 'PRO', 13);
insert into grupa (id, dzien, flaga, godzinastart, godzinastop, numergrupy, open, przedmiot, wykladowca_id) values (4, 2, TRUE, '11:45', '14:30', 2, FALSE, 'Angielski', 16);
insert into grupa_student (studencigrupy_id, studenci_id) values (2, 1);
insert into grupa_student (studencigrupy_id, studenci_id) values (2, 2);
insert into grupa_student (studencigrupy_id, studenci_id) values (1, 1);

